algorithm,type,scenario,n,run,time_ns,peak_dynamic_bytes
mergesort,unknown,asc,100,1,5300,800
quicksort,unknown,asc,100,1,22700,0
mergesort,unknown,asc,100,2,3900,800
quicksort,unknown,asc,100,2,22400,0
mergesort,unknown,asc,100,3,3500,800
quicksort,unknown,asc,100,3,22400,0
mergesort,unknown,asc,100,4,3800,800
quicksort,unknown,asc,100,4,24500,0
mergesort,unknown,asc,100,5,3800,800
quicksort,unknown,asc,100,5,23600,0
mergesort,unknown,asc,100,6,3700,800
quicksort,unknown,asc,100,6,22100,0
mergesort,unknown,asc,100,7,2500,800
quicksort,unknown,asc,100,7,16100,0
mergesort,unknown,asc,100,8,2800,800
quicksort,unknown,asc,100,8,16500,0
mergesort,unknown,asc,100,9,2300,800
quicksort,unknown,asc,100,9,16900,0
mergesort,unknown,asc,100,10,2500,800
quicksort,unknown,asc,100,10,16000,0
mergesort,unknown,asc,100,11,3100,800
quicksort,unknown,asc,100,11,16000,0
mergesort,unknown,asc,100,12,2400,800
quicksort,unknown,asc,100,12,16100,0
mergesort,unknown,asc,100,13,2300,800
quicksort,unknown,asc,100,13,17700,0
mergesort,unknown,asc,100,14,3500,800
quicksort,unknown,asc,100,14,25900,0
mergesort,unknown,asc,100,15,3900,800
quicksort,unknown,asc,100,15,17600,0
mergesort,unknown,asc,100,16,2900,800
quicksort,unknown,asc,100,16,15900,0
mergesort,unknown,asc,100,17,2500,800
quicksort,unknown,asc,100,17,16000,0
mergesort,unknown,asc,100,18,2600,800
quicksort,unknown,asc,100,18,16100,0
mergesort,unknown,asc,100,19,2700,800
quicksort,unknown,asc,100,19,15900,0
mergesort,unknown,asc,100,20,2300,800
quicksort,unknown,asc,100,20,16400,0
mergesort,unknown,asc,100,21,2500,800
quicksort,unknown,asc,100,21,16300,0
mergesort,unknown,asc,100,22,3100,800
quicksort,unknown,asc,100,22,16100,0
mergesort,unknown,asc,100,23,3000,800
quicksort,unknown,asc,100,23,24000,0
mergesort,unknown,asc,100,24,4500,800
quicksort,unknown,asc,100,24,22900,0
mergesort,unknown,asc,100,25,3400,800
quicksort,unknown,asc,100,25,22300,0
mergesort,unknown,asc,100,26,3400,800
quicksort,unknown,asc,100,26,22500,0
mergesort,unknown,asc,100,27,3500,800
quicksort,unknown,asc,100,27,23000,0
mergesort,unknown,asc,100,28,3100,800
quicksort,unknown,asc,100,28,21200,0
mergesort,unknown,asc,100,29,3200,800
quicksort,unknown,asc,100,29,21800,0
mergesort,unknown,asc,100,30,2500,800
quicksort,unknown,asc,100,30,16300,0
mergesort,unknown,desc,100,1,2800,800
quicksort,unknown,desc,100,1,11300,0
mergesort,unknown,desc,100,2,2600,800
quicksort,unknown,desc,100,2,11300,0
mergesort,unknown,desc,100,3,2400,800
quicksort,unknown,desc,100,3,11000,0
mergesort,unknown,desc,100,4,2800,800
quicksort,unknown,desc,100,4,11100,0
mergesort,unknown,desc,100,5,2300,800
quicksort,unknown,desc,100,5,10900,0
mergesort,unknown,desc,100,6,2400,800
quicksort,unknown,desc,100,6,10900,0
mergesort,unknown,desc,100,7,2200,800
quicksort,unknown,desc,100,7,10900,0
mergesort,unknown,desc,100,8,2600,800
quicksort,unknown,desc,100,8,11200,0
mergesort,unknown,desc,100,9,2500,800
quicksort,unknown,desc,100,9,11100,0
mergesort,unknown,desc,100,10,2300,800
quicksort,unknown,desc,100,10,10800,0
mergesort,unknown,desc,100,11,2200,800
quicksort,unknown,desc,100,11,10900,0
mergesort,unknown,desc,100,12,2400,800
quicksort,unknown,desc,100,12,11100,0
mergesort,unknown,desc,100,13,2500,800
quicksort,unknown,desc,100,13,11200,0
mergesort,unknown,desc,100,14,2400,800
quicksort,unknown,desc,100,14,10900,0
mergesort,unknown,desc,100,15,2200,800
quicksort,unknown,desc,100,15,10900,0
mergesort,unknown,desc,100,16,2300,800
quicksort,unknown,desc,100,16,17400,0
mergesort,unknown,desc,100,17,2800,800
quicksort,unknown,desc,100,17,10900,0
mergesort,unknown,desc,100,18,2300,800
quicksort,unknown,desc,100,18,11000,0
mergesort,unknown,desc,100,19,2300,800
quicksort,unknown,desc,100,19,11000,0
mergesort,unknown,desc,100,20,2600,800
quicksort,unknown,desc,100,20,14300,0
mergesort,unknown,desc,100,21,2600,800
quicksort,unknown,desc,100,21,11000,0
mergesort,unknown,desc,100,22,2700,800
quicksort,unknown,desc,100,22,11000,0
mergesort,unknown,desc,100,23,2500,800
quicksort,unknown,desc,100,23,10900,0
mergesort,unknown,desc,100,24,2300,800
quicksort,unknown,desc,100,24,11100,0
mergesort,unknown,desc,100,25,3200,800
quicksort,unknown,desc,100,25,11100,0
mergesort,unknown,desc,100,26,2300,800
quicksort,unknown,desc,100,26,11000,0
mergesort,unknown,desc,100,27,2400,800
quicksort,unknown,desc,100,27,11300,0
mergesort,unknown,desc,100,28,2700,800
quicksort,unknown,desc,100,28,11000,0
mergesort,unknown,desc,100,29,2300,800
quicksort,unknown,desc,100,29,10900,0
mergesort,unknown,desc,100,30,2300,800
quicksort,unknown,desc,100,30,10800,0
mergesort,unknown,random,100,1,6000,800
quicksort,unknown,random,100,1,4400,0
mergesort,unknown,random,100,2,5400,800
quicksort,unknown,random,100,2,4400,0
mergesort,unknown,random,100,3,5000,800
quicksort,unknown,random,100,3,4400,0
mergesort,unknown,random,100,4,5500,800
quicksort,unknown,random,100,4,4400,0
mergesort,unknown,random,100,5,5200,800
quicksort,unknown,random,100,5,4400,0
mergesort,unknown,random,100,6,5400,800
quicksort,unknown,random,100,6,4700,0
mergesort,unknown,random,100,7,5500,800
quicksort,unknown,random,100,7,4300,0
mergesort,unknown,random,100,8,5300,800
quicksort,unknown,random,100,8,4100,0
mergesort,unknown,random,100,9,5500,800
quicksort,unknown,random,100,9,3900,0
mergesort,unknown,random,100,10,5300,800
quicksort,unknown,random,100,10,4100,0
mergesort,unknown,random,100,11,5100,800
quicksort,unknown,random,100,11,4200,0
mergesort,unknown,random,100,12,5200,800
quicksort,unknown,random,100,12,4100,0
mergesort,unknown,random,100,13,5300,800
quicksort,unknown,random,100,13,4200,0
mergesort,unknown,random,100,14,5000,800
quicksort,unknown,random,100,14,4100,0
mergesort,unknown,random,100,15,5300,800
quicksort,unknown,random,100,15,4200,0
mergesort,unknown,random,100,16,5300,800
quicksort,unknown,random,100,16,4200,0
mergesort,unknown,random,100,17,5000,800
quicksort,unknown,random,100,17,4000,0
mergesort,unknown,random,100,18,5500,800
quicksort,unknown,random,100,18,3800,0
mergesort,unknown,random,100,19,5100,800
quicksort,unknown,random,100,19,4000,0
mergesort,unknown,random,100,20,5300,800
quicksort,unknown,random,100,20,4100,0
mergesort,unknown,random,100,21,4900,800
quicksort,unknown,random,100,21,3900,0
mergesort,unknown,random,100,22,5400,800
quicksort,unknown,random,100,22,4100,0
mergesort,unknown,random,100,23,5200,800
quicksort,unknown,random,100,23,4200,0
mergesort,unknown,random,100,24,5100,800
quicksort,unknown,random,100,24,3800,0
mergesort,unknown,random,100,25,5400,800
quicksort,unknown,random,100,25,4000,0
mergesort,unknown,random,100,26,5100,800
quicksort,unknown,random,100,26,4000,0
mergesort,unknown,random,100,27,5000,800
quicksort,unknown,random,100,27,4100,0
mergesort,unknown,random,100,28,5500,800
quicksort,unknown,random,100,28,4000,0
mergesort,unknown,random,100,29,5200,800
quicksort,unknown,random,100,29,3900,0
mergesort,unknown,random,100,30,5000,800
quicksort,unknown,random,100,30,4100,0
mergesort,unknown,asc,1000,1,33200,8000
quicksort,unknown,asc,1000,1,1550100,0
mergesort,unknown,asc,1000,2,31200,8000
quicksort,unknown,asc,1000,2,1506400,0
mergesort,unknown,asc,1000,3,30200,8000
quicksort,unknown,asc,1000,3,1548000,0
mergesort,unknown,asc,1000,4,32500,8000
quicksort,unknown,asc,1000,4,1530300,0
mergesort,unknown,asc,1000,5,31400,8000
quicksort,unknown,asc,1000,5,1525300,0
mergesort,unknown,asc,1000,6,31800,8000
quicksort,unknown,asc,1000,6,1527600,0
mergesort,unknown,asc,1000,7,30800,8000
quicksort,unknown,asc,1000,7,1532800,0
mergesort,unknown,asc,1000,8,30900,8000
quicksort,unknown,asc,1000,8,1528700,0
mergesort,unknown,asc,1000,9,31900,8000
quicksort,unknown,asc,1000,9,1531800,0
mergesort,unknown,asc,1000,10,31300,8000
quicksort,unknown,asc,1000,10,1792300,0
mergesort,unknown,asc,1000,11,46100,8000
quicksort,unknown,asc,1000,11,1528300,0
mergesort,unknown,asc,1000,12,55000,8000
quicksort,unknown,asc,1000,12,1633800,0
mergesort,unknown,asc,1000,13,33300,8000
quicksort,unknown,asc,1000,13,1795800,0
mergesort,unknown,asc,1000,14,33800,8000
quicksort,unknown,asc,1000,14,1550600,0
mergesort,unknown,asc,1000,15,31400,8000
quicksort,unknown,asc,1000,15,1530100,0
mergesort,unknown,asc,1000,16,30900,8000
quicksort,unknown,asc,1000,16,1525100,0
mergesort,unknown,asc,1000,17,31600,8000
quicksort,unknown,asc,1000,17,1535700,0
mergesort,unknown,asc,1000,18,30800,8000
quicksort,unknown,asc,1000,18,1525000,0
mergesort,unknown,asc,1000,19,30900,8000
quicksort,unknown,asc,1000,19,1531300,0
mergesort,unknown,asc,1000,20,30900,8000
quicksort,unknown,asc,1000,20,1531300,0
mergesort,unknown,asc,1000,21,31300,8000
quicksort,unknown,asc,1000,21,1597500,0
mergesort,unknown,asc,1000,22,31200,8000
quicksort,unknown,asc,1000,22,1665100,0
mergesort,unknown,asc,1000,23,31600,8000
quicksort,unknown,asc,1000,23,1535800,0
mergesort,unknown,asc,1000,24,30200,8000
quicksort,unknown,asc,1000,24,1523100,0
mergesort,unknown,asc,1000,25,30500,8000
quicksort,unknown,asc,1000,25,1530800,0
mergesort,unknown,asc,1000,26,31900,8000
quicksort,unknown,asc,1000,26,1556100,0
mergesort,unknown,asc,1000,27,32000,8000
quicksort,unknown,asc,1000,27,1528000,0
mergesort,unknown,asc,1000,28,30500,8000
quicksort,unknown,asc,1000,28,1526900,0
mergesort,unknown,asc,1000,29,30600,8000
quicksort,unknown,asc,1000,29,1526700,0
mergesort,unknown,asc,1000,30,30500,8000
quicksort,unknown,asc,1000,30,1530000,0
mergesort,unknown,desc,1000,1,31700,8000
quicksort,unknown,desc,1000,1,1021800,0
mergesort,unknown,desc,1000,2,31300,8000
quicksort,unknown,desc,1000,2,995600,0
mergesort,unknown,desc,1000,3,30500,8000
quicksort,unknown,desc,1000,3,997500,0
mergesort,unknown,desc,1000,4,30500,8000
quicksort,unknown,desc,1000,4,993700,0
mergesort,unknown,desc,1000,5,30200,8000
quicksort,unknown,desc,1000,5,997500,0
mergesort,unknown,desc,1000,6,30500,8000
quicksort,unknown,desc,1000,6,1005400,0
mergesort,unknown,desc,1000,7,31100,8000
quicksort,unknown,desc,1000,7,1002800,0
mergesort,unknown,desc,1000,8,31000,8000
quicksort,unknown,desc,1000,8,998400,0
mergesort,unknown,desc,1000,9,30800,8000
quicksort,unknown,desc,1000,9,996100,0
mergesort,unknown,desc,1000,10,30800,8000
quicksort,unknown,desc,1000,10,1001100,0
mergesort,unknown,desc,1000,11,31400,8000
quicksort,unknown,desc,1000,11,997200,0
mergesort,unknown,desc,1000,12,30900,8000
quicksort,unknown,desc,1000,12,1001800,0
mergesort,unknown,desc,1000,13,31500,8000
quicksort,unknown,desc,1000,13,1006000,0
mergesort,unknown,desc,1000,14,31600,8000
quicksort,unknown,desc,1000,14,1002600,0
mergesort,unknown,desc,1000,15,30900,8000
quicksort,unknown,desc,1000,15,999500,0
mergesort,unknown,desc,1000,16,30900,8000
quicksort,unknown,desc,1000,16,997100,0
mergesort,unknown,desc,1000,17,30800,8000
quicksort,unknown,desc,1000,17,996700,0
mergesort,unknown,desc,1000,18,30600,8000
quicksort,unknown,desc,1000,18,998600,0
mergesort,unknown,desc,1000,19,31100,8000
quicksort,unknown,desc,1000,19,998300,0
mergesort,unknown,desc,1000,20,31400,8000
quicksort,unknown,desc,1000,20,1006600,0
mergesort,unknown,desc,1000,21,31300,8000
quicksort,unknown,desc,1000,21,1003000,0
mergesort,unknown,desc,1000,22,31400,8000
quicksort,unknown,desc,1000,22,999600,0
mergesort,unknown,desc,1000,23,30700,8000
quicksort,unknown,desc,1000,23,997500,0
mergesort,unknown,desc,1000,24,30600,8000
quicksort,unknown,desc,1000,24,1001100,0
mergesort,unknown,desc,1000,25,31900,8000
quicksort,unknown,desc,1000,25,1005400,0
mergesort,unknown,desc,1000,26,31100,8000
quicksort,unknown,desc,1000,26,1011300,0
mergesort,unknown,desc,1000,27,31300,8000
quicksort,unknown,desc,1000,27,1001900,0
mergesort,unknown,desc,1000,28,32400,8000
quicksort,unknown,desc,1000,28,1003500,0
mergesort,unknown,desc,1000,29,31300,8000
quicksort,unknown,desc,1000,29,1003700,0
mergesort,unknown,desc,1000,30,32500,8000
quicksort,unknown,desc,1000,30,1001400,0
mergesort,unknown,random,1000,1,75200,8000
quicksort,unknown,random,1000,1,63400,0
mergesort,unknown,random,1000,2,73500,8000
quicksort,unknown,random,1000,2,60800,0
mergesort,unknown,random,1000,3,73100,8000
quicksort,unknown,random,1000,3,60200,0
mergesort,unknown,random,1000,4,73600,8000
quicksort,unknown,random,1000,4,57200,0
mergesort,unknown,random,1000,5,73400,8000
quicksort,unknown,random,1000,5,66300,0
mergesort,unknown,random,1000,6,73100,8000
quicksort,unknown,random,1000,6,60700,0
mergesort,unknown,random,1000,7,75700,8000
quicksort,unknown,random,1000,7,60900,0
mergesort,unknown,random,1000,8,73400,8000
quicksort,unknown,random,1000,8,56700,0
mergesort,unknown,random,1000,9,74700,8000
quicksort,unknown,random,1000,9,63500,0
mergesort,unknown,random,1000,10,73900,8000
quicksort,unknown,random,1000,10,60500,0
mergesort,unknown,random,1000,11,74200,8000
quicksort,unknown,random,1000,11,59900,0
mergesort,unknown,random,1000,12,73600,8000
quicksort,unknown,random,1000,12,58000,0
mergesort,unknown,random,1000,13,74700,8000
quicksort,unknown,random,1000,13,60500,0
mergesort,unknown,random,1000,14,73000,8000
quicksort,unknown,random,1000,14,59900,0
mergesort,unknown,random,1000,15,73700,8000
quicksort,unknown,random,1000,15,59600,0
mergesort,unknown,random,1000,16,73500,8000
quicksort,unknown,random,1000,16,60600,0
mergesort,unknown,random,1000,17,74800,8000
quicksort,unknown,random,1000,17,60200,0
mergesort,unknown,random,1000,18,74400,8000
quicksort,unknown,random,1000,18,58200,0
mergesort,unknown,random,1000,19,76600,8000
quicksort,unknown,random,1000,19,58200,0
mergesort,unknown,random,1000,20,72500,8000
quicksort,unknown,random,1000,20,60500,0
mergesort,unknown,random,1000,21,75700,8000
quicksort,unknown,random,1000,21,60500,0
mergesort,unknown,random,1000,22,71900,8000
quicksort,unknown,random,1000,22,56900,0
mergesort,unknown,random,1000,23,73200,8000
quicksort,unknown,random,1000,23,57500,0
mergesort,unknown,random,1000,24,73100,8000
quicksort,unknown,random,1000,24,59000,0
mergesort,unknown,random,1000,25,73800,8000
quicksort,unknown,random,1000,25,60500,0
mergesort,unknown,random,1000,26,73000,8000
quicksort,unknown,random,1000,26,59500,0
mergesort,unknown,random,1000,27,75200,8000
quicksort,unknown,random,1000,27,63200,0
mergesort,unknown,random,1000,28,73600,8000
quicksort,unknown,random,1000,28,58900,0
mergesort,unknown,random,1000,29,73200,8000
quicksort,unknown,random,1000,29,58900,0
mergesort,unknown,random,1000,30,74300,8000
quicksort,unknown,random,1000,30,57000,0
mergesort,unknown,asc,2000,1,75700,16000
quicksort,unknown,asc,2000,1,6228500,0
mergesort,unknown,asc,2000,2,75500,16000
quicksort,unknown,asc,2000,2,6132100,0
mergesort,unknown,asc,2000,3,68300,16000
quicksort,unknown,asc,2000,3,6145700,0
mergesort,unknown,asc,2000,4,67700,16000
quicksort,unknown,asc,2000,4,6159200,0
mergesort,unknown,asc,2000,5,67200,16000
quicksort,unknown,asc,2000,5,6110800,0
mergesort,unknown,asc,2000,6,67700,16000
quicksort,unknown,asc,2000,6,6175800,0
mergesort,unknown,asc,2000,7,67200,16000
quicksort,unknown,asc,2000,7,6121900,0
mergesort,unknown,asc,2000,8,65300,16000
quicksort,unknown,asc,2000,8,6115200,0
mergesort,unknown,asc,2000,9,66100,16000
quicksort,unknown,asc,2000,9,6133200,0
mergesort,unknown,asc,2000,10,66700,16000
quicksort,unknown,asc,2000,10,6136800,0
mergesort,unknown,asc,2000,11,67800,16000
quicksort,unknown,asc,2000,11,6115000,0
mergesort,unknown,asc,2000,12,68000,16000
quicksort,unknown,asc,2000,12,6135600,0
mergesort,unknown,asc,2000,13,67500,16000
quicksort,unknown,asc,2000,13,6114000,0
mergesort,unknown,asc,2000,14,68400,16000
quicksort,unknown,asc,2000,14,6108100,0
mergesort,unknown,asc,2000,15,65600,16000
quicksort,unknown,asc,2000,15,6109100,0
mergesort,unknown,asc,2000,16,66100,16000
quicksort,unknown,asc,2000,16,6111100,0
mergesort,unknown,asc,2000,17,65700,16000
quicksort,unknown,asc,2000,17,6062800,0
mergesort,unknown,asc,2000,18,66000,16000
quicksort,unknown,asc,2000,18,6115500,0
mergesort,unknown,asc,2000,19,66400,16000
quicksort,unknown,asc,2000,19,6104800,0
mergesort,unknown,asc,2000,20,65900,16000
quicksort,unknown,asc,2000,20,6101400,0
mergesort,unknown,asc,2000,21,66400,16000
quicksort,unknown,asc,2000,21,6089400,0
mergesort,unknown,asc,2000,22,66000,16000
quicksort,unknown,asc,2000,22,6097400,0
mergesort,unknown,asc,2000,23,67900,16000
quicksort,unknown,asc,2000,23,6095500,0
mergesort,unknown,asc,2000,24,66900,16000
quicksort,unknown,asc,2000,24,6095700,0
mergesort,unknown,asc,2000,25,66200,16000
quicksort,unknown,asc,2000,25,6085000,0
mergesort,unknown,asc,2000,26,67000,16000
quicksort,unknown,asc,2000,26,6089100,0
mergesort,unknown,asc,2000,27,66600,16000
quicksort,unknown,asc,2000,27,6103600,0
mergesort,unknown,asc,2000,28,66400,16000
quicksort,unknown,asc,2000,28,6088700,0
mergesort,unknown,asc,2000,29,66200,16000
quicksort,unknown,asc,2000,29,6876800,0
mergesort,unknown,asc,2000,30,122600,16000
quicksort,unknown,asc,2000,30,7959500,0
mergesort,unknown,desc,2000,1,78500,16000
quicksort,unknown,desc,2000,1,4012200,0
mergesort,unknown,desc,2000,2,67500,16000
quicksort,unknown,desc,2000,2,3976500,0
mergesort,unknown,desc,2000,3,68300,16000
quicksort,unknown,desc,2000,3,3970900,0
mergesort,unknown,desc,2000,4,66000,16000
quicksort,unknown,desc,2000,4,3990700,0
mergesort,unknown,desc,2000,5,65800,16000
quicksort,unknown,desc,2000,5,3963300,0
mergesort,unknown,desc,2000,6,65900,16000
quicksort,unknown,desc,2000,6,3967200,0
mergesort,unknown,desc,2000,7,65700,16000
quicksort,unknown,desc,2000,7,3967900,0
mergesort,unknown,desc,2000,8,65800,16000
quicksort,unknown,desc,2000,8,3970300,0
mergesort,unknown,desc,2000,9,65800,16000
quicksort,unknown,desc,2000,9,3963600,0
mergesort,unknown,desc,2000,10,66100,16000
quicksort,unknown,desc,2000,10,3967500,0
mergesort,unknown,desc,2000,11,65800,16000
quicksort,unknown,desc,2000,11,3960500,0
mergesort,unknown,desc,2000,12,65700,16000
quicksort,unknown,desc,2000,12,3971800,0
mergesort,unknown,desc,2000,13,65100,16000
quicksort,unknown,desc,2000,13,3960900,0
mergesort,unknown,desc,2000,14,65800,16000
quicksort,unknown,desc,2000,14,3961600,0
mergesort,unknown,desc,2000,15,65500,16000
quicksort,unknown,desc,2000,15,3979800,0
mergesort,unknown,desc,2000,16,66400,16000
quicksort,unknown,desc,2000,16,3969300,0
mergesort,unknown,desc,2000,17,65500,16000
quicksort,unknown,desc,2000,17,3967300,0
mergesort,unknown,desc,2000,18,66400,16000
quicksort,unknown,desc,2000,18,3986700,0
mergesort,unknown,desc,2000,19,66400,16000
quicksort,unknown,desc,2000,19,3945200,0
mergesort,unknown,desc,2000,20,66000,16000
quicksort,unknown,desc,2000,20,3955000,0
mergesort,unknown,desc,2000,21,66000,16000
quicksort,unknown,desc,2000,21,3964400,0
mergesort,unknown,desc,2000,22,65400,16000
quicksort,unknown,desc,2000,22,3958800,0
mergesort,unknown,desc,2000,23,65800,16000
quicksort,unknown,desc,2000,23,3961600,0
mergesort,unknown,desc,2000,24,65300,16000
quicksort,unknown,desc,2000,24,3948600,0
mergesort,unknown,desc,2000,25,65200,16000
quicksort,unknown,desc,2000,25,3960300,0
mergesort,unknown,desc,2000,26,65600,16000
quicksort,unknown,desc,2000,26,3955300,0
mergesort,unknown,desc,2000,27,66700,16000
quicksort,unknown,desc,2000,27,3960500,0
mergesort,unknown,desc,2000,28,65700,16000
quicksort,unknown,desc,2000,28,3963400,0
mergesort,unknown,desc,2000,29,65700,16000
quicksort,unknown,desc,2000,29,3961000,0
mergesort,unknown,desc,2000,30,65600,16000
quicksort,unknown,desc,2000,30,3968800,0
mergesort,unknown,random,2000,1,163700,16000
quicksort,unknown,random,2000,1,131300,0
mergesort,unknown,random,2000,2,162500,16000
quicksort,unknown,random,2000,2,132700,0
mergesort,unknown,random,2000,3,161100,16000
quicksort,unknown,random,2000,3,133600,0
mergesort,unknown,random,2000,4,161900,16000
quicksort,unknown,random,2000,4,131100,0
mergesort,unknown,random,2000,5,160600,16000
quicksort,unknown,random,2000,5,130800,0
mergesort,unknown,random,2000,6,159900,16000
quicksort,unknown,random,2000,6,129700,0
mergesort,unknown,random,2000,7,160300,16000
quicksort,unknown,random,2000,7,133200,0
mergesort,unknown,random,2000,8,158400,16000
quicksort,unknown,random,2000,8,128600,0
mergesort,unknown,random,2000,9,159600,16000
quicksort,unknown,random,2000,9,133500,0
mergesort,unknown,random,2000,10,160100,16000
quicksort,unknown,random,2000,10,132200,0
mergesort,unknown,random,2000,11,158600,16000
quicksort,unknown,random,2000,11,132500,0
mergesort,unknown,random,2000,12,160500,16000
quicksort,unknown,random,2000,12,130800,0
mergesort,unknown,random,2000,13,159700,16000
quicksort,unknown,random,2000,13,128300,0
mergesort,unknown,random,2000,14,160500,16000
quicksort,unknown,random,2000,14,132300,0
mergesort,unknown,random,2000,15,161400,16000
quicksort,unknown,random,2000,15,133800,0
mergesort,unknown,random,2000,16,160300,16000
quicksort,unknown,random,2000,16,137400,0
mergesort,unknown,random,2000,17,160800,16000
quicksort,unknown,random,2000,17,129700,0
mergesort,unknown,random,2000,18,160300,16000
quicksort,unknown,random,2000,18,129400,0
mergesort,unknown,random,2000,19,160000,16000
quicksort,unknown,random,2000,19,131700,0
mergesort,unknown,random,2000,20,160100,16000
quicksort,unknown,random,2000,20,134900,0
mergesort,unknown,random,2000,21,160000,16000
quicksort,unknown,random,2000,21,132300,0
mergesort,unknown,random,2000,22,160400,16000
quicksort,unknown,random,2000,22,130200,0
mergesort,unknown,random,2000,23,161100,16000
quicksort,unknown,random,2000,23,130500,0
mergesort,unknown,random,2000,24,160900,16000
quicksort,unknown,random,2000,24,131200,0
mergesort,unknown,random,2000,25,159600,16000
quicksort,unknown,random,2000,25,132000,0
mergesort,unknown,random,2000,26,159900,16000
quicksort,unknown,random,2000,26,133500,0
mergesort,unknown,random,2000,27,159900,16000
quicksort,unknown,random,2000,27,126000,0
mergesort,unknown,random,2000,28,159300,16000
quicksort,unknown,random,2000,28,132700,0
mergesort,unknown,random,2000,29,159200,16000
quicksort,unknown,random,2000,29,132100,0
mergesort,unknown,random,2000,30,159300,16000
quicksort,unknown,random,2000,30,132800,0
mergesort,unknown,asc,3000,1,104000,24000
quicksort,unknown,asc,3000,1,13716300,0
mergesort,unknown,asc,3000,2,103400,24000
quicksort,unknown,asc,3000,2,14290600,0
mergesort,unknown,asc,3000,3,105800,24000
quicksort,unknown,asc,3000,3,14458400,0
mergesort,unknown,asc,3000,4,106800,24000
quicksort,unknown,asc,3000,4,14327800,0
mergesort,unknown,asc,3000,5,108500,24000
quicksort,unknown,asc,3000,5,14271400,0
mergesort,unknown,asc,3000,6,105600,24000
quicksort,unknown,asc,3000,6,13761100,0
mergesort,unknown,asc,3000,7,103300,24000
quicksort,unknown,asc,3000,7,13765000,0
mergesort,unknown,asc,3000,8,104600,24000
quicksort,unknown,asc,3000,8,13756200,0
mergesort,unknown,asc,3000,9,103600,24000
quicksort,unknown,asc,3000,9,13808400,0
mergesort,unknown,asc,3000,10,104400,24000
quicksort,unknown,asc,3000,10,14090300,0
mergesort,unknown,asc,3000,11,157000,24000
quicksort,unknown,asc,3000,11,14912100,0
mergesort,unknown,asc,3000,12,106000,24000
quicksort,unknown,asc,3000,12,14084800,0
mergesort,unknown,asc,3000,13,106300,24000
quicksort,unknown,asc,3000,13,14122400,0
mergesort,unknown,asc,3000,14,105800,24000
quicksort,unknown,asc,3000,14,13740500,0
mergesort,unknown,asc,3000,15,105200,24000
quicksort,unknown,asc,3000,15,13687700,0
mergesort,unknown,asc,3000,16,103200,24000
quicksort,unknown,asc,3000,16,13714400,0
mergesort,unknown,asc,3000,17,103100,24000
quicksort,unknown,asc,3000,17,13760100,0
mergesort,unknown,asc,3000,18,103500,24000
quicksort,unknown,asc,3000,18,13591400,0
mergesort,unknown,asc,3000,19,104600,24000
quicksort,unknown,asc,3000,19,13678900,0
mergesort,unknown,asc,3000,20,103700,24000
quicksort,unknown,asc,3000,20,13837500,0
mergesort,unknown,asc,3000,21,104500,24000
quicksort,unknown,asc,3000,21,13741000,0
mergesort,unknown,asc,3000,22,104700,24000
quicksort,unknown,asc,3000,22,14112900,0
mergesort,unknown,asc,3000,23,102700,24000
quicksort,unknown,asc,3000,23,13542700,0
mergesort,unknown,asc,3000,24,103200,24000
quicksort,unknown,asc,3000,24,13647200,0
mergesort,unknown,asc,3000,25,103100,24000
quicksort,unknown,asc,3000,25,14115900,0
mergesort,unknown,asc,3000,26,102500,24000
quicksort,unknown,asc,3000,26,13609100,0
mergesort,unknown,asc,3000,27,102000,24000
quicksort,unknown,asc,3000,27,13822300,0
mergesort,unknown,asc,3000,28,102300,24000
quicksort,unknown,asc,3000,28,13589700,0
mergesort,unknown,asc,3000,29,103400,24000
quicksort,unknown,asc,3000,29,13785400,0
mergesort,unknown,asc,3000,30,102700,24000
quicksort,unknown,asc,3000,30,13637200,0
mergesort,unknown,desc,3000,1,103200,24000
quicksort,unknown,desc,3000,1,8954200,0
mergesort,unknown,desc,3000,2,105600,24000
quicksort,unknown,desc,3000,2,9244600,0
mergesort,unknown,desc,3000,3,102900,24000
quicksort,unknown,desc,3000,3,8820100,0
mergesort,unknown,desc,3000,4,102300,24000
quicksort,unknown,desc,3000,4,8912100,0
mergesort,unknown,desc,3000,5,102100,24000
quicksort,unknown,desc,3000,5,8903200,0
mergesort,unknown,desc,3000,6,105100,24000
quicksort,unknown,desc,3000,6,8800200,0
mergesort,unknown,desc,3000,7,104200,24000
quicksort,unknown,desc,3000,7,8881700,0
mergesort,unknown,desc,3000,8,106000,24000
quicksort,unknown,desc,3000,8,8931900,0
mergesort,unknown,desc,3000,9,102300,24000
quicksort,unknown,desc,3000,9,9587100,0
mergesort,unknown,desc,3000,10,102100,24000
quicksort,unknown,desc,3000,10,8767800,0
mergesort,unknown,desc,3000,11,101400,24000
quicksort,unknown,desc,3000,11,8962000,0
mergesort,unknown,desc,3000,12,101200,24000
quicksort,unknown,desc,3000,12,9169200,0
mergesort,unknown,desc,3000,13,102300,24000
quicksort,unknown,desc,3000,13,8792100,0
mergesort,unknown,desc,3000,14,101200,24000
quicksort,unknown,desc,3000,14,8807900,0
mergesort,unknown,desc,3000,15,101800,24000
quicksort,unknown,desc,3000,15,8842900,0
mergesort,unknown,desc,3000,16,103300,24000
quicksort,unknown,desc,3000,16,9085600,0
mergesort,unknown,desc,3000,17,102400,24000
quicksort,unknown,desc,3000,17,8860200,0
mergesort,unknown,desc,3000,18,103000,24000
quicksort,unknown,desc,3000,18,8960500,0
mergesort,unknown,desc,3000,19,103300,24000
quicksort,unknown,desc,3000,19,8960300,0
mergesort,unknown,desc,3000,20,104800,24000
quicksort,unknown,desc,3000,20,8807300,0
mergesort,unknown,desc,3000,21,103600,24000
quicksort,unknown,desc,3000,21,8884700,0
mergesort,unknown,desc,3000,22,102800,24000
quicksort,unknown,desc,3000,22,8885700,0
mergesort,unknown,desc,3000,23,102600,24000
quicksort,unknown,desc,3000,23,8900100,0
mergesort,unknown,desc,3000,24,102600,24000
quicksort,unknown,desc,3000,24,8885400,0
mergesort,unknown,desc,3000,25,102000,24000
quicksort,unknown,desc,3000,25,8876100,0
mergesort,unknown,desc,3000,26,102100,24000
quicksort,unknown,desc,3000,26,8878500,0
mergesort,unknown,desc,3000,27,101900,24000
quicksort,unknown,desc,3000,27,8883600,0
mergesort,unknown,desc,3000,28,102100,24000
quicksort,unknown,desc,3000,28,8867200,0
mergesort,unknown,desc,3000,29,102700,24000
quicksort,unknown,desc,3000,29,8865500,0
mergesort,unknown,desc,3000,30,102900,24000
quicksort,unknown,desc,3000,30,8878400,0
mergesort,unknown,random,3000,1,255200,24000
quicksort,unknown,random,3000,1,215100,0
mergesort,unknown,random,3000,2,250700,24000
quicksort,unknown,random,3000,2,208200,0
mergesort,unknown,random,3000,3,251300,24000
quicksort,unknown,random,3000,3,206600,0
mergesort,unknown,random,3000,4,252400,24000
quicksort,unknown,random,3000,4,206900,0
mergesort,unknown,random,3000,5,250900,24000
quicksort,unknown,random,3000,5,212600,0
mergesort,unknown,random,3000,6,250800,24000
quicksort,unknown,random,3000,6,205800,0
mergesort,unknown,random,3000,7,253800,24000
quicksort,unknown,random,3000,7,213700,0
mergesort,unknown,random,3000,8,251300,24000
quicksort,unknown,random,3000,8,205900,0
mergesort,unknown,random,3000,9,251000,24000
quicksort,unknown,random,3000,9,215600,0
mergesort,unknown,random,3000,10,249300,24000
quicksort,unknown,random,3000,10,205200,0
mergesort,unknown,random,3000,11,249900,24000
quicksort,unknown,random,3000,11,208900,0
mergesort,unknown,random,3000,12,256000,24000
quicksort,unknown,random,3000,12,212700,0
mergesort,unknown,random,3000,13,250300,24000
quicksort,unknown,random,3000,13,211700,0
mergesort,unknown,random,3000,14,250200,24000
quicksort,unknown,random,3000,14,204300,0
mergesort,unknown,random,3000,15,253100,24000
quicksort,unknown,random,3000,15,198800,0
mergesort,unknown,random,3000,16,252800,24000
quicksort,unknown,random,3000,16,211500,0
mergesort,unknown,random,3000,17,250600,24000
quicksort,unknown,random,3000,17,209000,0
mergesort,unknown,random,3000,18,248700,24000
quicksort,unknown,random,3000,18,205200,0
mergesort,unknown,random,3000,19,249300,24000
quicksort,unknown,random,3000,19,209700,0
mergesort,unknown,random,3000,20,251800,24000
quicksort,unknown,random,3000,20,200700,0
mergesort,unknown,random,3000,21,250300,24000
quicksort,unknown,random,3000,21,207800,0
mergesort,unknown,random,3000,22,249500,24000
quicksort,unknown,random,3000,22,209600,0
mergesort,unknown,random,3000,23,250400,24000
quicksort,unknown,random,3000,23,209500,0
mergesort,unknown,random,3000,24,251500,24000
quicksort,unknown,random,3000,24,213700,0
mergesort,unknown,random,3000,25,250500,24000
quicksort,unknown,random,3000,25,200000,0
mergesort,unknown,random,3000,26,249400,24000
quicksort,unknown,random,3000,26,209800,0
mergesort,unknown,random,3000,27,249300,24000
quicksort,unknown,random,3000,27,202300,0
mergesort,unknown,random,3000,28,250000,24000
quicksort,unknown,random,3000,28,206700,0
mergesort,unknown,random,3000,29,248300,24000
quicksort,unknown,random,3000,29,211600,0
mergesort,unknown,random,3000,30,250000,24000
quicksort,unknown,random,3000,30,206500,0
mergesort,unknown,asc,4000,1,147900,32000
quicksort,unknown,asc,4000,1,24309100,0
mergesort,unknown,asc,4000,2,140900,32000
quicksort,unknown,asc,4000,2,24340200,0
mergesort,unknown,asc,4000,3,142100,32000
quicksort,unknown,asc,4000,3,24347400,0
mergesort,unknown,asc,4000,4,142600,32000
quicksort,unknown,asc,4000,4,24453100,0
mergesort,unknown,asc,4000,5,143900,32000
quicksort,unknown,asc,4000,5,24402300,0
mergesort,unknown,asc,4000,6,141900,32000
quicksort,unknown,asc,4000,6,24395000,0
mergesort,unknown,asc,4000,7,141200,32000
quicksort,unknown,asc,4000,7,24408300,0
mergesort,unknown,asc,4000,8,142200,32000
quicksort,unknown,asc,4000,8,25157000,0
mergesort,unknown,asc,4000,9,153700,32000
quicksort,unknown,asc,4000,9,25362300,0
mergesort,unknown,asc,4000,10,168800,32000
quicksort,unknown,asc,4000,10,25390900,0
mergesort,unknown,asc,4000,11,163400,32000
quicksort,unknown,asc,4000,11,25233400,0
mergesort,unknown,asc,4000,12,141000,32000
quicksort,unknown,asc,4000,12,24649600,0
mergesort,unknown,asc,4000,13,144900,32000
quicksort,unknown,asc,4000,13,24445000,0
mergesort,unknown,asc,4000,14,142000,32000
quicksort,unknown,asc,4000,14,24358800,0
mergesort,unknown,asc,4000,15,140300,32000
quicksort,unknown,asc,4000,15,24437400,0
mergesort,unknown,asc,4000,16,142800,32000
quicksort,unknown,asc,4000,16,24515400,0
mergesort,unknown,asc,4000,17,141500,32000
quicksort,unknown,asc,4000,17,24840400,0
mergesort,unknown,asc,4000,18,140500,32000
quicksort,unknown,asc,4000,18,25052800,0
mergesort,unknown,asc,4000,19,141700,32000
quicksort,unknown,asc,4000,19,24997400,0
mergesort,unknown,asc,4000,20,141800,32000
quicksort,unknown,asc,4000,20,25254900,0
mergesort,unknown,asc,4000,21,145100,32000
quicksort,unknown,asc,4000,21,25232000,0
mergesort,unknown,asc,4000,22,151900,32000
quicksort,unknown,asc,4000,22,25548700,0
mergesort,unknown,asc,4000,23,147300,32000
quicksort,unknown,asc,4000,23,24444800,0
mergesort,unknown,asc,4000,24,140700,32000
quicksort,unknown,asc,4000,24,24393600,0
mergesort,unknown,asc,4000,25,140200,32000
quicksort,unknown,asc,4000,25,24429200,0
mergesort,unknown,asc,4000,26,142200,32000
quicksort,unknown,asc,4000,26,24410100,0
mergesort,unknown,asc,4000,27,141300,32000
quicksort,unknown,asc,4000,27,24339900,0
mergesort,unknown,asc,4000,28,140100,32000
quicksort,unknown,asc,4000,28,24355400,0
mergesort,unknown,asc,4000,29,138700,32000
quicksort,unknown,asc,4000,29,24320100,0
mergesort,unknown,asc,4000,30,139300,32000
quicksort,unknown,asc,4000,30,24296700,0
mergesort,unknown,desc,4000,1,141400,32000
quicksort,unknown,desc,4000,1,15829400,0
mergesort,unknown,desc,4000,2,140300,32000
quicksort,unknown,desc,4000,2,15791300,0
mergesort,unknown,desc,4000,3,140600,32000
quicksort,unknown,desc,4000,3,15825500,0
mergesort,unknown,desc,4000,4,139800,32000
quicksort,unknown,desc,4000,4,15799100,0
mergesort,unknown,desc,4000,5,141900,32000
quicksort,unknown,desc,4000,5,15829800,0
mergesort,unknown,desc,4000,6,140200,32000
quicksort,unknown,desc,4000,6,15799300,0
mergesort,unknown,desc,4000,7,140700,32000
quicksort,unknown,desc,4000,7,15804900,0
mergesort,unknown,desc,4000,8,139700,32000
quicksort,unknown,desc,4000,8,15776100,0
mergesort,unknown,desc,4000,9,140400,32000
quicksort,unknown,desc,4000,9,15817400,0
mergesort,unknown,desc,4000,10,140900,32000
quicksort,unknown,desc,4000,10,15800700,0
mergesort,unknown,desc,4000,11,140500,32000
quicksort,unknown,desc,4000,11,15780100,0
mergesort,unknown,desc,4000,12,140400,32000
quicksort,unknown,desc,4000,12,15809500,0
mergesort,unknown,desc,4000,13,139400,32000
quicksort,unknown,desc,4000,13,15826000,0
mergesort,unknown,desc,4000,14,140200,32000
quicksort,unknown,desc,4000,14,15794500,0
mergesort,unknown,desc,4000,15,140700,32000
quicksort,unknown,desc,4000,15,15785700,0
mergesort,unknown,desc,4000,16,140300,32000
quicksort,unknown,desc,4000,16,15803500,0
mergesort,unknown,desc,4000,17,140300,32000
quicksort,unknown,desc,4000,17,15806200,0
mergesort,unknown,desc,4000,18,142100,32000
quicksort,unknown,desc,4000,18,15825600,0
mergesort,unknown,desc,4000,19,140300,32000
quicksort,unknown,desc,4000,19,15832800,0
mergesort,unknown,desc,4000,20,140800,32000
quicksort,unknown,desc,4000,20,15840600,0
mergesort,unknown,desc,4000,21,141500,32000
quicksort,unknown,desc,4000,21,15855600,0
mergesort,unknown,desc,4000,22,140700,32000
quicksort,unknown,desc,4000,22,15825200,0
mergesort,unknown,desc,4000,23,141000,32000
quicksort,unknown,desc,4000,23,15826600,0
mergesort,unknown,desc,4000,24,140500,32000
quicksort,unknown,desc,4000,24,15821800,0
mergesort,unknown,desc,4000,25,140200,32000
quicksort,unknown,desc,4000,25,15825400,0
mergesort,unknown,desc,4000,26,140200,32000
quicksort,unknown,desc,4000,26,15819600,0
mergesort,unknown,desc,4000,27,139400,32000
quicksort,unknown,desc,4000,27,15796500,0
mergesort,unknown,desc,4000,28,140400,32000
quicksort,unknown,desc,4000,28,15772600,0
mergesort,unknown,desc,4000,29,141200,32000
quicksort,unknown,desc,4000,29,15773900,0
mergesort,unknown,desc,4000,30,139500,32000
quicksort,unknown,desc,4000,30,15782600,0
mergesort,unknown,random,4000,1,352500,32000
quicksort,unknown,random,4000,1,301200,0
mergesort,unknown,random,4000,2,350300,32000
quicksort,unknown,random,4000,2,288100,0
mergesort,unknown,random,4000,3,352500,32000
quicksort,unknown,random,4000,3,287400,0
mergesort,unknown,random,4000,4,348400,32000
quicksort,unknown,random,4000,4,291600,0
mergesort,unknown,random,4000,5,347600,32000
quicksort,unknown,random,4000,5,291200,0
mergesort,unknown,random,4000,6,345400,32000
quicksort,unknown,random,4000,6,288200,0
mergesort,unknown,random,4000,7,344300,32000
quicksort,unknown,random,4000,7,283100,0
mergesort,unknown,random,4000,8,342600,32000
quicksort,unknown,random,4000,8,278800,0
mergesort,unknown,random,4000,9,340100,32000
quicksort,unknown,random,4000,9,286500,0
mergesort,unknown,random,4000,10,342200,32000
quicksort,unknown,random,4000,10,289600,0
mergesort,unknown,random,4000,11,343400,32000
quicksort,unknown,random,4000,11,281300,0
mergesort,unknown,random,4000,12,353200,32000
quicksort,unknown,random,4000,12,281800,0
mergesort,unknown,random,4000,13,355200,32000
quicksort,unknown,random,4000,13,287900,0
mergesort,unknown,random,4000,14,347600,32000
quicksort,unknown,random,4000,14,285800,0
mergesort,unknown,random,4000,15,346600,32000
quicksort,unknown,random,4000,15,284800,0
mergesort,unknown,random,4000,16,349900,32000
quicksort,unknown,random,4000,16,286700,0
mergesort,unknown,random,4000,17,348100,32000
quicksort,unknown,random,4000,17,285200,0
mergesort,unknown,random,4000,18,352000,32000
quicksort,unknown,random,4000,18,307600,0
mergesort,unknown,random,4000,19,347400,32000
quicksort,unknown,random,4000,19,305200,0
mergesort,unknown,random,4000,20,350000,32000
quicksort,unknown,random,4000,20,288000,0
mergesort,unknown,random,4000,21,347300,32000
quicksort,unknown,random,4000,21,290500,0
mergesort,unknown,random,4000,22,346700,32000
quicksort,unknown,random,4000,22,284600,0
mergesort,unknown,random,4000,23,346400,32000
quicksort,unknown,random,4000,23,283200,0
mergesort,unknown,random,4000,24,347600,32000
quicksort,unknown,random,4000,24,280700,0
mergesort,unknown,random,4000,25,348500,32000
quicksort,unknown,random,4000,25,274600,0
mergesort,unknown,random,4000,26,349200,32000
quicksort,unknown,random,4000,26,293100,0
mergesort,unknown,random,4000,27,347800,32000
quicksort,unknown,random,4000,27,290400,0
mergesort,unknown,random,4000,28,344200,32000
quicksort,unknown,random,4000,28,287600,0
mergesort,unknown,random,4000,29,346700,32000
quicksort,unknown,random,4000,29,285800,0
mergesort,unknown,random,4000,30,345500,32000
quicksort,unknown,random,4000,30,289800,0
mergesort,unknown,asc,5000,1,181300,40000
quicksort,unknown,asc,5000,1,38012300,0
mergesort,unknown,asc,5000,2,178800,40000
quicksort,unknown,asc,5000,2,37876100,0
mergesort,unknown,asc,5000,3,179800,40000
quicksort,unknown,asc,5000,3,37986500,0
mergesort,unknown,asc,5000,4,179300,40000
quicksort,unknown,asc,5000,4,37904300,0
mergesort,unknown,asc,5000,5,178900,40000
quicksort,unknown,asc,5000,5,37901200,0
mergesort,unknown,asc,5000,6,178600,40000
quicksort,unknown,asc,5000,6,37882100,0
mergesort,unknown,asc,5000,7,179800,40000
quicksort,unknown,asc,5000,7,37927100,0
mergesort,unknown,asc,5000,8,178900,40000
quicksort,unknown,asc,5000,8,37807200,0
mergesort,unknown,asc,5000,9,177900,40000
quicksort,unknown,asc,5000,9,37853900,0
mergesort,unknown,asc,5000,10,179100,40000
quicksort,unknown,asc,5000,10,37955200,0
mergesort,unknown,asc,5000,11,178900,40000
quicksort,unknown,asc,5000,11,37881300,0
mergesort,unknown,asc,5000,12,179200,40000
quicksort,unknown,asc,5000,12,37905400,0
mergesort,unknown,asc,5000,13,181200,40000
quicksort,unknown,asc,5000,13,37865300,0
mergesort,unknown,asc,5000,14,178700,40000
quicksort,unknown,asc,5000,14,37868900,0
mergesort,unknown,asc,5000,15,178200,40000
quicksort,unknown,asc,5000,15,37860700,0
mergesort,unknown,asc,5000,16,178100,40000
quicksort,unknown,asc,5000,16,37891800,0
mergesort,unknown,asc,5000,17,179600,40000
quicksort,unknown,asc,5000,17,37979700,0
mergesort,unknown,asc,5000,18,179400,40000
quicksort,unknown,asc,5000,18,37873200,0
mergesort,unknown,asc,5000,19,178000,40000
quicksort,unknown,asc,5000,19,37979400,0
mergesort,unknown,asc,5000,20,187000,40000
quicksort,unknown,asc,5000,20,37927300,0
mergesort,unknown,asc,5000,21,178600,40000
quicksort,unknown,asc,5000,21,37879900,0
mergesort,unknown,asc,5000,22,178700,40000
quicksort,unknown,asc,5000,22,37961700,0
mergesort,unknown,asc,5000,23,179700,40000
quicksort,unknown,asc,5000,23,38032100,0
mergesort,unknown,asc,5000,24,179200,40000
quicksort,unknown,asc,5000,24,38072300,0
mergesort,unknown,asc,5000,25,179800,40000
quicksort,unknown,asc,5000,25,38023500,0
mergesort,unknown,asc,5000,26,180400,40000
quicksort,unknown,asc,5000,26,38083900,0
mergesort,unknown,asc,5000,27,180500,40000
quicksort,unknown,asc,5000,27,37991700,0
mergesort,unknown,asc,5000,28,180700,40000
quicksort,unknown,asc,5000,28,37983700,0
mergesort,unknown,asc,5000,29,181200,40000
quicksort,unknown,asc,5000,29,38030900,0
mergesort,unknown,asc,5000,30,179300,40000
quicksort,unknown,asc,5000,30,37989000,0
mergesort,unknown,desc,5000,1,180100,40000
quicksort,unknown,desc,5000,1,24730100,0
mergesort,unknown,desc,5000,2,180300,40000
quicksort,unknown,desc,5000,2,24723500,0
mergesort,unknown,desc,5000,3,180100,40000
quicksort,unknown,desc,5000,3,24771900,0
mergesort,unknown,desc,5000,4,179800,40000
quicksort,unknown,desc,5000,4,24705100,0
mergesort,unknown,desc,5000,5,179100,40000
quicksort,unknown,desc,5000,5,24710100,0
mergesort,unknown,desc,5000,6,179800,40000
quicksort,unknown,desc,5000,6,24710500,0
mergesort,unknown,desc,5000,7,179800,40000
quicksort,unknown,desc,5000,7,24661500,0
mergesort,unknown,desc,5000,8,179900,40000
quicksort,unknown,desc,5000,8,24726400,0
mergesort,unknown,desc,5000,9,179200,40000
quicksort,unknown,desc,5000,9,24710300,0
mergesort,unknown,desc,5000,10,180100,40000
quicksort,unknown,desc,5000,10,24645000,0
mergesort,unknown,desc,5000,11,179900,40000
quicksort,unknown,desc,5000,11,24629700,0
mergesort,unknown,desc,5000,12,179800,40000
quicksort,unknown,desc,5000,12,24630100,0
mergesort,unknown,desc,5000,13,179900,40000
quicksort,unknown,desc,5000,13,24731300,0
mergesort,unknown,desc,5000,14,181300,40000
quicksort,unknown,desc,5000,14,24741000,0
mergesort,unknown,desc,5000,15,179700,40000
quicksort,unknown,desc,5000,15,24722700,0
mergesort,unknown,desc,5000,16,179900,40000
quicksort,unknown,desc,5000,16,24727600,0
mergesort,unknown,desc,5000,17,179700,40000
quicksort,unknown,desc,5000,17,24739500,0
mergesort,unknown,desc,5000,18,180000,40000
quicksort,unknown,desc,5000,18,24731700,0
mergesort,unknown,desc,5000,19,181100,40000
quicksort,unknown,desc,5000,19,24755800,0
mergesort,unknown,desc,5000,20,180300,40000
quicksort,unknown,desc,5000,20,24656800,0
mergesort,unknown,desc,5000,21,178800,40000
quicksort,unknown,desc,5000,21,24691900,0
mergesort,unknown,desc,5000,22,180800,40000
quicksort,unknown,desc,5000,22,24644400,0
mergesort,unknown,desc,5000,23,178800,40000
quicksort,unknown,desc,5000,23,24681000,0
mergesort,unknown,desc,5000,24,180400,40000
quicksort,unknown,desc,5000,24,24669200,0
mergesort,unknown,desc,5000,25,178800,40000
quicksort,unknown,desc,5000,25,24726900,0
mergesort,unknown,desc,5000,26,179800,40000
quicksort,unknown,desc,5000,26,24720100,0
mergesort,unknown,desc,5000,27,180900,40000
quicksort,unknown,desc,5000,27,24733200,0
mergesort,unknown,desc,5000,28,180100,40000
quicksort,unknown,desc,5000,28,24742400,0
mergesort,unknown,desc,5000,29,179900,40000
quicksort,unknown,desc,5000,29,24729600,0
mergesort,unknown,desc,5000,30,180000,40000
quicksort,unknown,desc,5000,30,24730800,0
mergesort,unknown,random,5000,1,452500,40000
quicksort,unknown,random,5000,1,373700,0
mergesort,unknown,random,5000,2,445900,40000
quicksort,unknown,random,5000,2,367400,0
mergesort,unknown,random,5000,3,446400,40000
quicksort,unknown,random,5000,3,358500,0
mergesort,unknown,random,5000,4,454500,40000
quicksort,unknown,random,5000,4,375700,0
mergesort,unknown,random,5000,5,448800,40000
quicksort,unknown,random,5000,5,371100,0
mergesort,unknown,random,5000,6,442600,40000
quicksort,unknown,random,5000,6,363400,0
mergesort,unknown,random,5000,7,442500,40000
quicksort,unknown,random,5000,7,366500,0
mergesort,unknown,random,5000,8,442900,40000
quicksort,unknown,random,5000,8,367500,0
mergesort,unknown,random,5000,9,444600,40000
quicksort,unknown,random,5000,9,362200,0
mergesort,unknown,random,5000,10,445400,40000
quicksort,unknown,random,5000,10,368000,0
mergesort,unknown,random,5000,11,446800,40000
quicksort,unknown,random,5000,11,372000,0
mergesort,unknown,random,5000,12,446000,40000
quicksort,unknown,random,5000,12,369100,0
mergesort,unknown,random,5000,13,443100,40000
quicksort,unknown,random,5000,13,361000,0
mergesort,unknown,random,5000,14,443400,40000
quicksort,unknown,random,5000,14,360900,0
mergesort,unknown,random,5000,15,441300,40000
quicksort,unknown,random,5000,15,363800,0
mergesort,unknown,random,5000,16,443400,40000
quicksort,unknown,random,5000,16,350200,0
mergesort,unknown,random,5000,17,445200,40000
quicksort,unknown,random,5000,17,372700,0
mergesort,unknown,random,5000,18,445300,40000
quicksort,unknown,random,5000,18,368500,0
mergesort,unknown,random,5000,19,444500,40000
quicksort,unknown,random,5000,19,367700,0
mergesort,unknown,random,5000,20,444600,40000
quicksort,unknown,random,5000,20,377000,0
mergesort,unknown,random,5000,21,443700,40000
quicksort,unknown,random,5000,21,374900,0
mergesort,unknown,random,5000,22,453500,40000
quicksort,unknown,random,5000,22,365100,0
mergesort,unknown,random,5000,23,442100,40000
quicksort,unknown,random,5000,23,366900,0
mergesort,unknown,random,5000,24,444600,40000
quicksort,unknown,random,5000,24,359600,0
mergesort,unknown,random,5000,25,442200,40000
quicksort,unknown,random,5000,25,377400,0
mergesort,unknown,random,5000,26,448000,40000
quicksort,unknown,random,5000,26,370500,0
mergesort,unknown,random,5000,27,444700,40000
quicksort,unknown,random,5000,27,383700,0
mergesort,unknown,random,5000,28,444100,40000
quicksort,unknown,random,5000,28,367600,0
mergesort,unknown,random,5000,29,442900,40000
quicksort,unknown,random,5000,29,374100,0
mergesort,unknown,random,5000,30,445900,40000
quicksort,unknown,random,5000,30,362000,0
mergesort,unknown,asc,10000,1,406700,80000
quicksort,unknown,asc,10000,1,152129100,0
mergesort,unknown,asc,10000,2,416700,80000
quicksort,unknown,asc,10000,2,151493500,0
mergesort,unknown,asc,10000,3,404900,80000
quicksort,unknown,asc,10000,3,151889400,0
mergesort,unknown,asc,10000,4,406300,80000
quicksort,unknown,asc,10000,4,152179900,0
mergesort,unknown,asc,10000,5,414600,80000
quicksort,unknown,asc,10000,5,152290500,0
mergesort,unknown,asc,10000,6,406800,80000
quicksort,unknown,asc,10000,6,152092400,0
mergesort,unknown,asc,10000,7,411300,80000
quicksort,unknown,asc,10000,7,151571300,0
mergesort,unknown,asc,10000,8,406000,80000
quicksort,unknown,asc,10000,8,152087500,0
mergesort,unknown,asc,10000,9,408300,80000
quicksort,unknown,asc,10000,9,152072900,0
mergesort,unknown,asc,10000,10,418400,80000
quicksort,unknown,asc,10000,10,151462200,0
mergesort,unknown,asc,10000,11,408000,80000
quicksort,unknown,asc,10000,11,151501200,0
mergesort,unknown,asc,10000,12,404300,80000
quicksort,unknown,asc,10000,12,151653100,0
mergesort,unknown,asc,10000,13,406000,80000
quicksort,unknown,asc,10000,13,151354900,0
mergesort,unknown,asc,10000,14,401700,80000
quicksort,unknown,asc,10000,14,151618700,0
mergesort,unknown,asc,10000,15,406100,80000
quicksort,unknown,asc,10000,15,151745400,0
mergesort,unknown,asc,10000,16,410700,80000
quicksort,unknown,asc,10000,16,151557400,0
mergesort,unknown,asc,10000,17,407400,80000
quicksort,unknown,asc,10000,17,151629700,0
mergesort,unknown,asc,10000,18,429100,80000
quicksort,unknown,asc,10000,18,152411500,0
mergesort,unknown,asc,10000,19,413900,80000
quicksort,unknown,asc,10000,19,152352900,0
mergesort,unknown,asc,10000,20,410900,80000
quicksort,unknown,asc,10000,20,152354300,0
mergesort,unknown,asc,10000,21,411400,80000
quicksort,unknown,asc,10000,21,152465800,0
mergesort,unknown,asc,10000,22,412300,80000
quicksort,unknown,asc,10000,22,152449300,0
mergesort,unknown,asc,10000,23,410800,80000
quicksort,unknown,asc,10000,23,152976900,0
mergesort,unknown,asc,10000,24,428800,80000
quicksort,unknown,asc,10000,24,152912700,0
mergesort,unknown,asc,10000,25,421300,80000
quicksort,unknown,asc,10000,25,152493600,0
mergesort,unknown,asc,10000,26,416900,80000
quicksort,unknown,asc,10000,26,153917900,0
mergesort,unknown,asc,10000,27,420500,80000
quicksort,unknown,asc,10000,27,154634400,0
mergesort,unknown,asc,10000,28,424900,80000
quicksort,unknown,asc,10000,28,154402800,0
mergesort,unknown,asc,10000,29,424600,80000
quicksort,unknown,asc,10000,29,153677500,0
mergesort,unknown,asc,10000,30,437500,80000
quicksort,unknown,asc,10000,30,153590200,0
mergesort,unknown,desc,10000,1,414000,80000
quicksort,unknown,desc,10000,1,100972200,0
mergesort,unknown,desc,10000,2,414700,80000
quicksort,unknown,desc,10000,2,100183400,0
mergesort,unknown,desc,10000,3,412600,80000
quicksort,unknown,desc,10000,3,99510400,0
mergesort,unknown,desc,10000,4,413400,80000
quicksort,unknown,desc,10000,4,99983500,0
mergesort,unknown,desc,10000,5,425700,80000
quicksort,unknown,desc,10000,5,99852200,0
mergesort,unknown,desc,10000,6,414200,80000
quicksort,unknown,desc,10000,6,99845100,0
mergesort,unknown,desc,10000,7,406300,80000
quicksort,unknown,desc,10000,7,99254600,0
mergesort,unknown,desc,10000,8,425400,80000
quicksort,unknown,desc,10000,8,100240200,0
mergesort,unknown,desc,10000,9,419300,80000
quicksort,unknown,desc,10000,9,99819100,0
mergesort,unknown,desc,10000,10,421800,80000
quicksort,unknown,desc,10000,10,100463800,0
mergesort,unknown,desc,10000,11,422900,80000
quicksort,unknown,desc,10000,11,99846300,0
mergesort,unknown,desc,10000,12,429400,80000
quicksort,unknown,desc,10000,12,100478800,0
mergesort,unknown,desc,10000,13,406300,80000
quicksort,unknown,desc,10000,13,99754200,0
mergesort,unknown,desc,10000,14,415500,80000
quicksort,unknown,desc,10000,14,100387000,0
mergesort,unknown,desc,10000,15,429800,80000
quicksort,unknown,desc,10000,15,100853000,0
mergesort,unknown,desc,10000,16,418200,80000
quicksort,unknown,desc,10000,16,99835500,0
mergesort,unknown,desc,10000,17,418200,80000
quicksort,unknown,desc,10000,17,99872500,0
mergesort,unknown,desc,10000,18,423100,80000
quicksort,unknown,desc,10000,18,99222900,0
mergesort,unknown,desc,10000,19,412600,80000
quicksort,unknown,desc,10000,19,99261100,0
mergesort,unknown,desc,10000,20,422800,80000
quicksort,unknown,desc,10000,20,99856200,0
mergesort,unknown,desc,10000,21,420100,80000
quicksort,unknown,desc,10000,21,99617600,0
mergesort,unknown,desc,10000,22,422500,80000
quicksort,unknown,desc,10000,22,100605100,0
mergesort,unknown,desc,10000,23,426500,80000
quicksort,unknown,desc,10000,23,99740100,0
mergesort,unknown,desc,10000,24,417700,80000
quicksort,unknown,desc,10000,24,99636000,0
mergesort,unknown,desc,10000,25,425300,80000
quicksort,unknown,desc,10000,25,99765300,0
mergesort,unknown,desc,10000,26,410800,80000
quicksort,unknown,desc,10000,26,99652900,0
mergesort,unknown,desc,10000,27,417100,80000
quicksort,unknown,desc,10000,27,99666600,0
mergesort,unknown,desc,10000,28,417700,80000
quicksort,unknown,desc,10000,28,99381500,0
mergesort,unknown,desc,10000,29,410200,80000
quicksort,unknown,desc,10000,29,99108300,0
mergesort,unknown,desc,10000,30,407600,80000
quicksort,unknown,desc,10000,30,99129900,0
mergesort,unknown,random,10000,1,1002300,80000
quicksort,unknown,random,10000,1,795100,0
mergesort,unknown,random,10000,2,975100,80000
quicksort,unknown,random,10000,2,820500,0
mergesort,unknown,random,10000,3,977500,80000
quicksort,unknown,random,10000,3,808800,0
mergesort,unknown,random,10000,4,976700,80000
quicksort,unknown,random,10000,4,752100,0
mergesort,unknown,random,10000,5,978500,80000
quicksort,unknown,random,10000,5,799600,0
mergesort,unknown,random,10000,6,972600,80000
quicksort,unknown,random,10000,6,805100,0
mergesort,unknown,random,10000,7,974800,80000
quicksort,unknown,random,10000,7,759800,0
mergesort,unknown,random,10000,8,976000,80000
quicksort,unknown,random,10000,8,779800,0
mergesort,unknown,random,10000,9,975200,80000
quicksort,unknown,random,10000,9,800300,0
mergesort,unknown,random,10000,10,986400,80000
quicksort,unknown,random,10000,10,789600,0
mergesort,unknown,random,10000,11,974200,80000
quicksort,unknown,random,10000,11,781400,0
mergesort,unknown,random,10000,12,977000,80000
quicksort,unknown,random,10000,12,786300,0
mergesort,unknown,random,10000,13,993600,80000
quicksort,unknown,random,10000,13,777800,0
mergesort,unknown,random,10000,14,979800,80000
quicksort,unknown,random,10000,14,810200,0
mergesort,unknown,random,10000,15,979300,80000
quicksort,unknown,random,10000,15,833500,0
mergesort,unknown,random,10000,16,982700,80000
quicksort,unknown,random,10000,16,794400,0
mergesort,unknown,random,10000,17,980000,80000
quicksort,unknown,random,10000,17,796300,0
mergesort,unknown,random,10000,18,993700,80000
quicksort,unknown,random,10000,18,807200,0
mergesort,unknown,random,10000,19,988900,80000
quicksort,unknown,random,10000,19,785400,0
mergesort,unknown,random,10000,20,985700,80000
quicksort,unknown,random,10000,20,796800,0
mergesort,unknown,random,10000,21,984700,80000
quicksort,unknown,random,10000,21,799500,0
mergesort,unknown,random,10000,22,982500,80000
quicksort,unknown,random,10000,22,776400,0
mergesort,unknown,random,10000,23,985600,80000
quicksort,unknown,random,10000,23,816200,0
mergesort,unknown,random,10000,24,986300,80000
quicksort,unknown,random,10000,24,809800,0
mergesort,unknown,random,10000,25,983100,80000
quicksort,unknown,random,10000,25,804100,0
mergesort,unknown,random,10000,26,988600,80000
quicksort,unknown,random,10000,26,786600,0
mergesort,unknown,random,10000,27,982700,80000
quicksort,unknown,random,10000,27,802000,0
mergesort,unknown,random,10000,28,978200,80000
quicksort,unknown,random,10000,28,788500,0
mergesort,unknown,random,10000,29,983200,80000
quicksort,unknown,random,10000,29,794300,0
mergesort,unknown,random,10000,30,988200,80000
quicksort,unknown,random,10000,30,776200,0
